,R2,MAE,MAPE,HitRate
Holdout-Baseline,-0.3203457645617569,0.04667343367423304,1.0116330907470865,0.3
Holdout-Enriched,-0.32034576399518966,0.046673433664217924,1.0116330903652069,0.3
