,ΔR2,ΔMAE,ΔMAPE,ΔHitRate
Enriched(Model),0.03644611960389632,0.00027787899600479476,0.039780292004833795,0.0
