,R2,MAE,MAPE,SMAPE,ΔR2,ΔMAE,ΔMAPE,ΔSMAPE,%MAE_improve
Baseline(ret_prev_q),-0.08109042859979709,0.04109497566306311,1.0551462907006393,1.3361222187145807,0.0,0.0,0.0,0.0,0.0
Enriched(LightGBM),0.01883822671229174,0.03932452347180969,1.0418928430602064,1.3230753154900212,0.09992865531208883,-0.0017704521912534216,-0.013253447640432903,-0.01304690322455948,4.3081962276102175
