,R2,MAE,MAPE,SMAPE,ΔR2,ΔMAE,ΔMAPE,ΔSMAPE,%MAE_improve
Baseline(ret_prev_q),-0.18277269837386623,0.040706301129049986,1.0295962559284677,1.366700862032936,0.0,0.0,0.0,0.0,0.0
Enriched(LightGBM),-0.14373499394712064,0.041001547562305084,1.0718628160294026,1.4046211228192926,0.03903770442674559,0.0002952464332550975,0.04226656010093488,0.037920260786356685,-0.7253089204029775
