N_good,N_poor,mean_good,mean_poor,Δmean,t_pvalue,ks_pvalue
24,19,0.00102868426073352,0.031446142719641614,-0.030417458458908093,0.06787281486710034,0.11693199514776018
