Group,N,Mean next-Q excess,Std
Good rain (>= +4%),20,0.01080129874850946,0.04212214437675575
Poor rain (<= -4%),18,0.03333941340359014,0.04814806456090177
