N_good,N_poor,mean_good,mean_poor,Δmean,t_pvalue,ks_pvalue
19,24,0.026778144621285593,0.001028684260733526,0.025749460360552066,0.12065379173833682,0.2493863391455409
