,MAE,RMSE,R2,DA,Folds,ΔMAE,ΔRMSE,ΔR2,ΔDA,ΔFolds
Enriched(no gdp_pred),0.05465060937985587,0.06158040862872519,-13.168769596099999,0.4722222222222222,18,0.0,0.0,0.0,0.0,0.0
Enriched(+ gdp_pred),0.05363957904743493,0.06004636794925216,-10.504548996025472,0.5,18,-0.001011030332420941,-0.0015340406794730338,2.664220600074527,0.02777777777777779,0.0
