,R2,MAE,MAPE,SMAPE,ΔR2,ΔMAE,ΔMAPE,ΔSMAPE
Enriched(no gdp_pred),-0.14373499394712064,0.041001547562305084,1.0718628160294026,1.4046211228192926,0.0,0.0,0.0,0.0
Enriched(+ gdp_pred),-0.14373499394712064,0.041001547562305084,1.0718628160294026,1.4046211228192926,0.0,0.0,0.0,0.0
