,perm_importance_mean,perm_importance_std
cpi_yoy_lag,0.0018311290068097007,0.0017592918434362812
ret_prev_q,0.00014477913702510333,0.0001390992955279412
rain_anom_lag,0.0,0.0
gdp_yoy_lag,0.0,0.0
repo_chg_lag,0.0,0.0
