,MAE,RMSE,R2,DA,MAPE,SMAPE%,Folds,ΔMAE,ΔRMSE,ΔR2,ΔDA,ΔMAPE,ΔSMAPE%,ΔFolds
Enriched,0.05465060937985587,0.06158040862872519,-13.168769596099999,0.4722222222222222,2.8940573182797884,130.54241489353637,18,0.0,0.0,0.0,0.0,0.0,0.0,0.0
Enriched+interaction,0.054825203698540353,0.06046973736625626,-12.880664581016529,0.4722222222222222,2.7902729789437517,137.31839499143277,18,0.00017459431868448172,-0.001110671262468936,0.2881050150834703,0.0,-0.1037843393360367,6.775980097896394,0.0
